city,checkin,checkout,event_count
vienna,2026-04-24,2026-04-29,5
vienna,2026-04-24,2026-04-26,2
vienna,2026-05-06,2026-05-10,3
vienna,2026-05-06,2026-05-11,3
vienna,2026-05-18,2026-05-23,4
vienna,2026-05-18,2026-05-21,4
vienna,2026-05-30,2026-06-04,6
vienna,2026-05-30,2026-06-02,6
vienna,2026-06-11,2026-06-14,0
vienna,2026-06-11,2026-06-15,0
vienna,2026-06-23,2026-06-25,3
vienna,2026-06-23,2026-06-26,3
vienna,2026-07-05,2026-07-08,2
vienna,2026-07-05,2026-07-10,2
vienna,2026-07-17,2026-07-21,1
vienna,2026-07-17,2026-07-18,0
vienna,2026-07-29,2026-07-31,0
vienna,2026-07-29,2026-08-01,0
vienna,2026-08-10,2026-08-11,0
vienna,2026-08-10,2026-08-13,0
vienna,2026-08-22,2026-08-27,0
vienna,2026-08-22,2026-08-24,0
vienna,2026-09-03,2026-09-05,3
vienna,2026-09-03,2026-09-06,3
vienna,2026-09-15,2026-09-20,2
vienna,2026-09-15,2026-09-17,0
vienna,2026-09-27,2026-09-28,0
vienna,2026-09-27,2026-09-30,0
vienna,2026-10-09,2026-10-10,1
vienna,2026-10-09,2026-10-12,3
vienna,2026-10-21,2026-10-23,2
vienna,2026-10-21,2026-10-25,3
vienna,2026-11-02,2026-11-03,1
vienna,2026-11-02,2026-11-05,1
vienna,2026-11-14,2026-11-17,4
vienna,2026-11-14,2026-11-15,1
vienna,2026-11-26,2026-11-29,1
vienna,2026-11-26,2026-11-30,1
vienna,2026-12-08,2026-12-11,1
vienna,2026-12-08,2026-12-12,2
vienna,2026-12-20,2026-12-24,0
vienna,2026-12-20,2026-12-23,0
prague,2026-04-24,2026-04-26,4
prague,2026-04-24,2026-04-28,8
prague,2026-05-06,2026-05-09,7
prague,2026-05-06,2026-05-10,7
prague,2026-05-18,2026-05-20,5
prague,2026-05-18,2026-05-21,5
prague,2026-05-30,2026-06-01,3
prague,2026-05-30,2026-05-31,3
prague,2026-06-11,2026-06-14,4
prague,2026-06-11,2026-06-13,3
prague,2026-06-23,2026-06-26,5
prague,2026-06-23,2026-06-27,8
prague,2026-07-05,2026-07-09,6
prague,2026-07-05,2026-07-10,7
prague,2026-07-17,2026-07-22,5
prague,2026-07-17,2026-07-19,2
prague,2026-07-29,2026-07-30,2
prague,2026-07-29,2026-08-02,6
prague,2026-08-10,2026-08-14,9
prague,2026-08-10,2026-08-12,6
prague,2026-08-22,2026-08-27,10
prague,2026-08-22,2026-08-25,9
prague,2026-09-03,2026-09-06,28
prague,2026-09-03,2026-09-07,28
prague,2026-09-15,2026-09-19,2
prague,2026-09-15,2026-09-17,1
prague,2026-09-27,2026-09-30,4
prague,2026-09-27,2026-09-29,4
prague,2026-10-09,2026-10-14,5
prague,2026-10-09,2026-10-12,2
prague,2026-10-21,2026-10-26,8
prague,2026-10-21,2026-10-23,3
prague,2026-11-02,2026-11-05,2
prague,2026-11-02,2026-11-07,7
prague,2026-11-14,2026-11-16,7
prague,2026-11-14,2026-11-18,8
prague,2026-11-26,2026-11-27,1
prague,2026-11-26,2026-11-29,3
prague,2026-12-08,2026-12-10,1
prague,2026-12-08,2026-12-13,5
prague,2026-12-20,2026-12-24,4
prague,2026-12-20,2026-12-22,4
barcelona,2026-04-24,2026-04-26,55
barcelona,2026-04-24,2026-04-28,70
barcelona,2026-05-06,2026-05-07,25
barcelona,2026-05-06,2026-05-11,83
barcelona,2026-05-18,2026-05-23,78
barcelona,2026-05-18,2026-05-19,15
barcelona,2026-05-30,2026-05-31,41
barcelona,2026-05-30,2026-06-03,67
barcelona,2026-06-11,2026-06-13,47
barcelona,2026-06-11,2026-06-14,68
barcelona,2026-06-23,2026-06-24,26
barcelona,2026-06-23,2026-06-27,75
barcelona,2026-07-05,2026-07-10,73
barcelona,2026-07-05,2026-07-06,22
barcelona,2026-07-17,2026-07-19,54
barcelona,2026-07-17,2026-07-21,68
barcelona,2026-07-29,2026-07-30,26
barcelona,2026-07-29,2026-07-31,39
barcelona,2026-08-10,2026-08-13,4
barcelona,2026-08-10,2026-08-14,5
barcelona,2026-08-22,2026-08-24,3
barcelona,2026-08-22,2026-08-23,2
barcelona,2026-09-03,2026-09-07,7
barcelona,2026-09-03,2026-09-06,4
barcelona,2026-09-15,2026-09-19,7
barcelona,2026-09-15,2026-09-17,3
barcelona,2026-09-27,2026-10-01,5
barcelona,2026-09-27,2026-10-02,6
barcelona,2026-10-09,2026-10-12,4
barcelona,2026-10-09,2026-10-13,5
barcelona,2026-10-21,2026-10-24,6
barcelona,2026-10-21,2026-10-26,9
barcelona,2026-11-02,2026-11-03,2
barcelona,2026-11-02,2026-11-07,8
barcelona,2026-11-14,2026-11-18,7
barcelona,2026-11-14,2026-11-17,5
barcelona,2026-11-26,2026-12-01,6
barcelona,2026-11-26,2026-11-29,4
barcelona,2026-12-08,2026-12-09,2
barcelona,2026-12-08,2026-12-13,6
barcelona,2026-12-20,2026-12-25,6
barcelona,2026-12-20,2026-12-22,3
amsterdam,2026-04-24,2026-04-26,18
amsterdam,2026-04-24,2026-04-28,21
amsterdam,2026-05-06,2026-05-07,17
amsterdam,2026-05-06,2026-05-11,44
amsterdam,2026-05-18,2026-05-23,43
amsterdam,2026-05-18,2026-05-19,8
amsterdam,2026-05-30,2026-05-31,21
amsterdam,2026-05-30,2026-06-03,32
amsterdam,2026-06-11,2026-06-13,17
amsterdam,2026-06-11,2026-06-14,23
amsterdam,2026-06-23,2026-06-24,9
amsterdam,2026-06-23,2026-06-27,16
amsterdam,2026-07-05,2026-07-10,31
amsterdam,2026-07-05,2026-07-06,17
amsterdam,2026-07-17,2026-07-19,10
amsterdam,2026-07-17,2026-07-21,13
amsterdam,2026-07-29,2026-07-30,1
amsterdam,2026-07-29,2026-07-31,3
amsterdam,2026-08-10,2026-08-13,0
amsterdam,2026-08-10,2026-08-14,2
amsterdam,2026-08-22,2026-08-24,7
amsterdam,2026-08-22,2026-08-23,6
amsterdam,2026-09-03,2026-09-07,25
amsterdam,2026-09-03,2026-09-06,24
amsterdam,2026-09-15,2026-09-19,18
amsterdam,2026-09-15,2026-09-17,7
amsterdam,2026-09-27,2026-10-01,13
amsterdam,2026-09-27,2026-10-02,21
amsterdam,2026-10-09,2026-10-12,19
amsterdam,2026-10-09,2026-10-13,23
amsterdam,2026-10-21,2026-10-24,7
amsterdam,2026-10-21,2026-10-26,7
amsterdam,2026-11-02,2026-11-03,5
amsterdam,2026-11-02,2026-11-07,18
amsterdam,2026-11-14,2026-11-18,11
amsterdam,2026-11-14,2026-11-17,10
amsterdam,2026-11-26,2026-12-01,7
amsterdam,2026-11-26,2026-11-29,4
amsterdam,2026-12-08,2026-12-09,1
amsterdam,2026-12-08,2026-12-13,11
amsterdam,2026-12-20,2026-12-25,2
amsterdam,2026-12-20,2026-12-22,1
london,2026-04-24,2026-04-26,549
london,2026-04-24,2026-04-28,779
london,2026-05-06,2026-05-07,307
london,2026-05-06,2026-05-11,950
london,2026-05-18,2026-05-23,889
london,2026-05-18,2026-05-19,164
london,2026-05-30,2026-05-31,365
london,2026-05-30,2026-06-03,737
london,2026-06-11,2026-06-13,545
london,2026-06-11,2026-06-14,661
london,2026-06-23,2026-06-24,267
london,2026-06-23,2026-06-27,800
london,2026-07-05,2026-07-10,818
london,2026-07-05,2026-07-06,215
london,2026-07-17,2026-07-19,418
london,2026-07-17,2026-07-21,610
london,2026-07-29,2026-07-30,262
london,2026-07-29,2026-07-31,409
london,2026-08-10,2026-08-13,469
london,2026-08-10,2026-08-14,613
london,2026-08-22,2026-08-24,383
london,2026-08-22,2026-08-23,285
london,2026-09-03,2026-09-07,575
london,2026-09-03,2026-09-06,501
london,2026-09-15,2026-09-19,523
london,2026-09-15,2026-09-17,249
london,2026-09-27,2026-10-01,426
london,2026-09-27,2026-10-02,545
london,2026-10-09,2026-10-12,410
london,2026-10-09,2026-10-13,503
london,2026-10-21,2026-10-24,480
london,2026-10-21,2026-10-26,648
london,2026-11-02,2026-11-03,147
london,2026-11-02,2026-11-07,592
london,2026-11-14,2026-11-18,457
london,2026-11-14,2026-11-17,364
london,2026-11-26,2026-12-01,550
london,2026-11-26,2026-11-29,464
london,2026-12-08,2026-12-09,171
london,2026-12-08,2026-12-13,589
london,2026-12-20,2026-12-25,413
london,2026-12-20,2026-12-22,258
madrid,2026-04-24,2026-04-26,58
madrid,2026-04-24,2026-04-28,80
madrid,2026-05-06,2026-05-07,24
madrid,2026-05-06,2026-05-11,90
madrid,2026-05-18,2026-05-23,82
madrid,2026-05-18,2026-05-19,22
madrid,2026-05-30,2026-05-31,41
madrid,2026-05-30,2026-06-03,77
madrid,2026-06-11,2026-06-13,35
madrid,2026-06-11,2026-06-14,48
madrid,2026-06-23,2026-06-24,4
madrid,2026-06-23,2026-06-27,11
madrid,2026-07-05,2026-07-10,1
madrid,2026-07-05,2026-07-06,0
madrid,2026-07-17,2026-07-19,2
madrid,2026-07-17,2026-07-21,2
madrid,2026-07-29,2026-07-30,0
madrid,2026-07-29,2026-07-31,0
madrid,2026-08-10,2026-08-13,0
madrid,2026-08-10,2026-08-14,0
madrid,2026-08-22,2026-08-24,0
madrid,2026-08-22,2026-08-23,0
madrid,2026-09-03,2026-09-07,4
madrid,2026-09-03,2026-09-06,4
madrid,2026-09-15,2026-09-19,4
madrid,2026-09-15,2026-09-17,2
madrid,2026-09-27,2026-10-01,5
madrid,2026-09-27,2026-10-02,6
madrid,2026-10-09,2026-10-12,3
madrid,2026-10-09,2026-10-13,3
madrid,2026-10-21,2026-10-24,1
madrid,2026-10-21,2026-10-26,2
madrid,2026-11-02,2026-11-03,0
madrid,2026-11-02,2026-11-07,1
madrid,2026-11-14,2026-11-18,0
madrid,2026-11-14,2026-11-17,0
madrid,2026-11-26,2026-12-01,1
madrid,2026-11-26,2026-11-29,1
madrid,2026-12-08,2026-12-09,0
madrid,2026-12-08,2026-12-13,4
madrid,2026-12-20,2026-12-25,0
madrid,2026-12-20,2026-12-22,0
lisbon,2026-04-24,2026-04-26,0
lisbon,2026-04-24,2026-04-28,0
lisbon,2026-05-06,2026-05-10,0
lisbon,2026-05-06,2026-05-07,0
lisbon,2026-05-18,2026-05-21,0
lisbon,2026-05-18,2026-05-20,0
lisbon,2026-05-30,2026-06-01,0
lisbon,2026-05-30,2026-05-31,0
lisbon,2026-06-11,2026-06-15,0
lisbon,2026-06-11,2026-06-13,0
lisbon,2026-06-23,2026-06-24,0
lisbon,2026-06-23,2026-06-28,0
lisbon,2026-07-05,2026-07-09,0
lisbon,2026-07-05,2026-07-07,0
lisbon,2026-07-17,2026-07-21,0
lisbon,2026-07-17,2026-07-22,0
lisbon,2026-07-29,2026-08-01,0
lisbon,2026-07-29,2026-08-03,0
lisbon,2026-08-10,2026-08-15,0
lisbon,2026-08-10,2026-08-14,0
lisbon,2026-08-22,2026-08-26,0
lisbon,2026-08-22,2026-08-27,0
lisbon,2026-09-03,2026-09-07,0
lisbon,2026-09-03,2026-09-06,0
lisbon,2026-09-15,2026-09-20,0
lisbon,2026-09-15,2026-09-18,0
lisbon,2026-09-27,2026-09-28,0
lisbon,2026-09-27,2026-09-30,0
lisbon,2026-10-09,2026-10-14,0
lisbon,2026-10-09,2026-10-13,0
lisbon,2026-10-21,2026-10-25,0
lisbon,2026-10-21,2026-10-24,0
lisbon,2026-11-02,2026-11-05,0
lisbon,2026-11-02,2026-11-03,0
lisbon,2026-11-14,2026-11-18,0
lisbon,2026-11-14,2026-11-17,0
lisbon,2026-11-26,2026-11-30,0
lisbon,2026-11-26,2026-11-27,0
lisbon,2026-12-08,2026-12-12,0
lisbon,2026-12-08,2026-12-13,0
lisbon,2026-12-20,2026-12-23,0
lisbon,2026-12-20,2026-12-21,0
copenhagen,2026-04-24,2026-04-26,63
copenhagen,2026-04-24,2026-04-28,66
copenhagen,2026-05-06,2026-05-10,89
copenhagen,2026-05-06,2026-05-07,35
copenhagen,2026-05-18,2026-05-21,36
copenhagen,2026-05-18,2026-05-20,19
copenhagen,2026-05-30,2026-06-01,37
copenhagen,2026-05-30,2026-05-31,33
copenhagen,2026-06-11,2026-06-15,70
copenhagen,2026-06-11,2026-06-13,53
copenhagen,2026-06-23,2026-06-24,18
copenhagen,2026-06-23,2026-06-28,99
copenhagen,2026-07-05,2026-07-09,1
copenhagen,2026-07-05,2026-07-07,0
copenhagen,2026-07-17,2026-07-21,2
copenhagen,2026-07-17,2026-07-22,2
copenhagen,2026-07-29,2026-08-01,14
copenhagen,2026-07-29,2026-08-03,16
copenhagen,2026-08-10,2026-08-15,6
copenhagen,2026-08-10,2026-08-14,4
copenhagen,2026-08-22,2026-08-26,7
copenhagen,2026-08-22,2026-08-27,11
copenhagen,2026-09-03,2026-09-07,9
copenhagen,2026-09-03,2026-09-06,9
copenhagen,2026-09-15,2026-09-20,20
copenhagen,2026-09-15,2026-09-18,12
copenhagen,2026-09-27,2026-09-28,4
copenhagen,2026-09-27,2026-09-30,5
copenhagen,2026-10-09,2026-10-14,19
copenhagen,2026-10-09,2026-10-13,17
copenhagen,2026-10-21,2026-10-25,18
copenhagen,2026-10-21,2026-10-24,13
copenhagen,2026-11-02,2026-11-05,4
copenhagen,2026-11-02,2026-11-03,2
copenhagen,2026-11-14,2026-11-18,14
copenhagen,2026-11-14,2026-11-17,13
copenhagen,2026-11-26,2026-11-30,17
copenhagen,2026-11-26,2026-11-27,8
copenhagen,2026-12-08,2026-12-12,7
copenhagen,2026-12-08,2026-12-13,9
copenhagen,2026-12-20,2026-12-23,1
copenhagen,2026-12-20,2026-12-21,1
stockholm,2026-04-24,2026-04-26,5
stockholm,2026-04-24,2026-04-28,5
stockholm,2026-05-06,2026-05-10,8
stockholm,2026-05-06,2026-05-07,2
stockholm,2026-05-18,2026-05-21,2
stockholm,2026-05-18,2026-05-20,1
stockholm,2026-05-30,2026-06-01,2
stockholm,2026-05-30,2026-05-31,2
stockholm,2026-06-11,2026-06-15,6
stockholm,2026-06-11,2026-06-13,5
stockholm,2026-06-23,2026-06-24,3
stockholm,2026-06-23,2026-06-28,6
stockholm,2026-07-05,2026-07-09,0
stockholm,2026-07-05,2026-07-07,0
stockholm,2026-07-17,2026-07-21,2
stockholm,2026-07-17,2026-07-22,3
stockholm,2026-07-29,2026-08-01,2
stockholm,2026-07-29,2026-08-03,2
stockholm,2026-08-10,2026-08-15,3
stockholm,2026-08-10,2026-08-14,3
stockholm,2026-08-22,2026-08-26,2
stockholm,2026-08-22,2026-08-27,3
stockholm,2026-09-03,2026-09-07,3
stockholm,2026-09-03,2026-09-06,3
stockholm,2026-09-15,2026-09-20,6
stockholm,2026-09-15,2026-09-18,3
stockholm,2026-09-27,2026-09-28,0
stockholm,2026-09-27,2026-09-30,0
stockholm,2026-10-09,2026-10-14,6
stockholm,2026-10-09,2026-10-13,5
stockholm,2026-10-21,2026-10-25,7
stockholm,2026-10-21,2026-10-24,6
stockholm,2026-11-02,2026-11-05,3
stockholm,2026-11-02,2026-11-03,0
stockholm,2026-11-14,2026-11-18,4
stockholm,2026-11-14,2026-11-17,4
stockholm,2026-11-26,2026-11-30,6
stockholm,2026-11-26,2026-11-27,2
stockholm,2026-12-08,2026-12-12,0
stockholm,2026-12-08,2026-12-13,0
stockholm,2026-12-20,2026-12-23,0
stockholm,2026-12-20,2026-12-21,0
warsaw,2026-04-24,2026-04-26,17
warsaw,2026-04-24,2026-04-28,23
warsaw,2026-05-06,2026-05-10,13
warsaw,2026-05-06,2026-05-07,4
warsaw,2026-05-18,2026-05-21,5
warsaw,2026-05-18,2026-05-20,5
warsaw,2026-05-30,2026-06-01,4
warsaw,2026-05-30,2026-05-31,4
warsaw,2026-06-11,2026-06-15,15
warsaw,2026-06-11,2026-06-13,10
warsaw,2026-06-23,2026-06-24,3
warsaw,2026-06-23,2026-06-28,8
warsaw,2026-07-05,2026-07-09,4
warsaw,2026-07-05,2026-07-07,2
warsaw,2026-07-17,2026-07-21,8
warsaw,2026-07-17,2026-07-22,9
warsaw,2026-07-29,2026-08-01,1
warsaw,2026-07-29,2026-08-03,1
warsaw,2026-08-10,2026-08-15,1
warsaw,2026-08-10,2026-08-14,1
warsaw,2026-08-22,2026-08-26,2
warsaw,2026-08-22,2026-08-27,3
warsaw,2026-09-03,2026-09-07,2
warsaw,2026-09-03,2026-09-06,2
warsaw,2026-09-15,2026-09-20,5
warsaw,2026-09-15,2026-09-18,2
warsaw,2026-09-27,2026-09-28,0
warsaw,2026-09-27,2026-09-30,2
warsaw,2026-10-09,2026-10-14,6
warsaw,2026-10-09,2026-10-13,4
warsaw,2026-10-21,2026-10-25,6
warsaw,2026-10-21,2026-10-24,5
warsaw,2026-11-02,2026-11-05,4
warsaw,2026-11-02,2026-11-03,1
warsaw,2026-11-14,2026-11-18,3
warsaw,2026-11-14,2026-11-17,2
warsaw,2026-11-26,2026-11-30,4
warsaw,2026-11-26,2026-11-27,2
warsaw,2026-12-08,2026-12-12,0
warsaw,2026-12-08,2026-12-13,0
warsaw,2026-12-20,2026-12-23,0
warsaw,2026-12-20,2026-12-21,0
berlin,2026-04-24,2026-04-25,17
berlin,2026-04-24,2026-04-27,27
berlin,2026-05-06,2026-05-11,25
berlin,2026-05-06,2026-05-09,20
berlin,2026-05-18,2026-05-22,21
berlin,2026-05-18,2026-05-20,12
berlin,2026-05-30,2026-06-04,28
berlin,2026-05-30,2026-06-02,17
berlin,2026-06-11,2026-06-12,6
berlin,2026-06-11,2026-06-14,15
berlin,2026-06-23,2026-06-27,18
berlin,2026-06-23,2026-06-26,11
berlin,2026-07-05,2026-07-06,7
berlin,2026-07-05,2026-07-09,14
berlin,2026-07-17,2026-07-21,11
berlin,2026-07-17,2026-07-18,8
berlin,2026-07-29,2026-07-31,6
berlin,2026-07-29,2026-08-02,18
berlin,2026-08-10,2026-08-11,2
berlin,2026-08-10,2026-08-13,5
berlin,2026-08-22,2026-08-25,8
berlin,2026-08-22,2026-08-24,8
berlin,2026-09-03,2026-09-05,11
berlin,2026-09-03,2026-09-08,15
berlin,2026-09-15,2026-09-19,17
berlin,2026-09-15,2026-09-20,19
berlin,2026-09-27,2026-10-02,21
berlin,2026-09-27,2026-10-01,11
berlin,2026-10-09,2026-10-10,9
berlin,2026-10-09,2026-10-14,13
berlin,2026-10-21,2026-10-26,17
berlin,2026-10-21,2026-10-24,14
berlin,2026-11-02,2026-11-06,8
berlin,2026-11-02,2026-11-07,12
berlin,2026-11-14,2026-11-16,12
berlin,2026-11-14,2026-11-15,9
berlin,2026-11-26,2026-11-28,11
berlin,2026-11-26,2026-12-01,21
berlin,2026-12-08,2026-12-11,10
berlin,2026-12-08,2026-12-09,3
berlin,2026-12-20,2026-12-22,8
berlin,2026-12-20,2026-12-23,11
budapest,2026-04-24,2026-04-28,0
budapest,2026-04-24,2026-04-26,0
budapest,2026-05-06,2026-05-10,0
budapest,2026-05-06,2026-05-11,0
budapest,2026-05-18,2026-05-20,0
budapest,2026-05-18,2026-05-22,0
budapest,2026-05-30,2026-06-02,0
budapest,2026-05-30,2026-06-04,0
budapest,2026-06-11,2026-06-12,0
budapest,2026-06-11,2026-06-16,0
budapest,2026-06-23,2026-06-27,0
budapest,2026-06-23,2026-06-24,0
budapest,2026-07-05,2026-07-08,0
budapest,2026-07-05,2026-07-09,0
budapest,2026-07-17,2026-07-22,0
budapest,2026-07-17,2026-07-21,0
budapest,2026-07-29,2026-07-30,0
budapest,2026-07-29,2026-08-01,0
budapest,2026-08-10,2026-08-14,0
budapest,2026-08-10,2026-08-13,0
budapest,2026-08-22,2026-08-23,0
budapest,2026-08-22,2026-08-26,0
budapest,2026-09-03,2026-09-07,0
budapest,2026-09-03,2026-09-06,0
budapest,2026-09-15,2026-09-17,0
budapest,2026-09-15,2026-09-18,0
budapest,2026-09-27,2026-10-01,0
budapest,2026-09-27,2026-10-02,0
budapest,2026-10-09,2026-10-10,0
budapest,2026-10-09,2026-10-13,0
budapest,2026-10-21,2026-10-24,0
budapest,2026-10-21,2026-10-26,0
budapest,2026-11-02,2026-11-04,0
budapest,2026-11-02,2026-11-03,0
budapest,2026-11-14,2026-11-15,0
budapest,2026-11-14,2026-11-17,0
budapest,2026-11-26,2026-11-30,0
budapest,2026-11-26,2026-11-27,0
budapest,2026-12-08,2026-12-10,0
budapest,2026-12-08,2026-12-11,0
budapest,2026-12-20,2026-12-24,0
budapest,2026-12-20,2026-12-21,0
paris,2026-04-24,2026-04-28,0
paris,2026-04-24,2026-04-26,0
paris,2026-05-06,2026-05-10,0
paris,2026-05-06,2026-05-11,0
paris,2026-05-18,2026-05-20,0
paris,2026-05-18,2026-05-22,0
paris,2026-05-30,2026-06-02,0
paris,2026-05-30,2026-06-04,0
paris,2026-06-11,2026-06-12,0
paris,2026-06-11,2026-06-16,0
paris,2026-06-23,2026-06-27,0
paris,2026-06-23,2026-06-24,0
paris,2026-07-05,2026-07-08,0
paris,2026-07-05,2026-07-09,0
paris,2026-07-17,2026-07-22,0
paris,2026-07-17,2026-07-21,0
paris,2026-07-29,2026-07-30,0
paris,2026-07-29,2026-08-01,0
paris,2026-08-10,2026-08-14,0
paris,2026-08-10,2026-08-13,0
paris,2026-08-22,2026-08-23,0
paris,2026-08-22,2026-08-26,0
paris,2026-09-03,2026-09-07,0
paris,2026-09-03,2026-09-06,0
paris,2026-09-15,2026-09-17,0
paris,2026-09-15,2026-09-18,0
paris,2026-09-27,2026-10-01,0
paris,2026-09-27,2026-10-02,0
paris,2026-10-09,2026-10-10,0
paris,2026-10-09,2026-10-13,0
paris,2026-10-21,2026-10-24,0
paris,2026-10-21,2026-10-26,0
paris,2026-11-02,2026-11-04,0
paris,2026-11-02,2026-11-03,0
paris,2026-11-14,2026-11-15,0
paris,2026-11-14,2026-11-17,0
paris,2026-11-26,2026-11-30,0
paris,2026-11-26,2026-11-27,0
paris,2026-12-08,2026-12-10,0
paris,2026-12-08,2026-12-11,0
paris,2026-12-20,2026-12-24,0
paris,2026-12-20,2026-12-21,0
rome,2026-04-24,2026-04-28,0
rome,2026-04-24,2026-04-26,0
rome,2026-05-06,2026-05-10,1
rome,2026-05-06,2026-05-11,1
rome,2026-05-18,2026-05-20,1
rome,2026-05-18,2026-05-22,2
rome,2026-05-30,2026-06-02,0
rome,2026-05-30,2026-06-04,0
rome,2026-06-11,2026-06-12,1
rome,2026-06-11,2026-06-16,1
rome,2026-06-23,2026-06-27,1
rome,2026-06-23,2026-06-24,0
rome,2026-07-05,2026-07-08,1
rome,2026-07-05,2026-07-09,1
rome,2026-07-17,2026-07-22,3
rome,2026-07-17,2026-07-21,2
rome,2026-07-29,2026-07-30,2
rome,2026-07-29,2026-08-01,2
rome,2026-08-10,2026-08-14,0
rome,2026-08-10,2026-08-13,0
rome,2026-08-22,2026-08-23,0
rome,2026-08-22,2026-08-26,0
rome,2026-09-03,2026-09-07,0
rome,2026-09-03,2026-09-06,0
rome,2026-09-15,2026-09-17,0
rome,2026-09-15,2026-09-18,0
rome,2026-09-27,2026-10-01,0
rome,2026-09-27,2026-10-02,0
rome,2026-10-09,2026-10-10,0
rome,2026-10-09,2026-10-13,0
rome,2026-10-21,2026-10-24,1
rome,2026-10-21,2026-10-26,1
rome,2026-11-02,2026-11-04,1
rome,2026-11-02,2026-11-03,1
rome,2026-11-14,2026-11-15,0
rome,2026-11-14,2026-11-17,0
rome,2026-11-26,2026-11-30,0
rome,2026-11-26,2026-11-27,0
rome,2026-12-08,2026-12-10,0
rome,2026-12-08,2026-12-11,0
rome,2026-12-20,2026-12-24,0
rome,2026-12-20,2026-12-21,0
dublin,2026-04-24,2026-04-29,58
dublin,2026-04-24,2026-04-27,40
dublin,2026-05-06,2026-05-08,24
dublin,2026-05-06,2026-05-10,41
dublin,2026-05-18,2026-05-19,9
dublin,2026-05-18,2026-05-21,25
dublin,2026-05-30,2026-05-31,30
dublin,2026-05-30,2026-06-04,60
dublin,2026-06-11,2026-06-16,29
dublin,2026-06-11,2026-06-13,21
dublin,2026-06-23,2026-06-27,39
dublin,2026-06-23,2026-06-24,13
dublin,2026-07-05,2026-07-10,29
dublin,2026-07-05,2026-07-06,6
dublin,2026-07-17,2026-07-22,29
dublin,2026-07-17,2026-07-21,26
dublin,2026-07-29,2026-08-03,22
dublin,2026-07-29,2026-07-30,7
dublin,2026-08-10,2026-08-15,19
dublin,2026-08-10,2026-08-13,11
dublin,2026-08-22,2026-08-25,26
dublin,2026-08-22,2026-08-26,33
dublin,2026-09-03,2026-09-07,31
dublin,2026-09-03,2026-09-08,32
dublin,2026-09-15,2026-09-20,42
dublin,2026-09-15,2026-09-17,21
dublin,2026-09-27,2026-09-30,15
dublin,2026-09-27,2026-10-02,24
dublin,2026-10-09,2026-10-12,18
dublin,2026-10-09,2026-10-14,25
dublin,2026-10-21,2026-10-26,26
dublin,2026-10-21,2026-10-25,24
dublin,2026-11-02,2026-11-06,27
dublin,2026-11-02,2026-11-05,18
dublin,2026-11-14,2026-11-17,16
dublin,2026-11-14,2026-11-19,28
dublin,2026-11-26,2026-11-28,15
dublin,2026-11-26,2026-11-30,22
dublin,2026-12-08,2026-12-10,14
dublin,2026-12-08,2026-12-11,17
dublin,2026-12-20,2026-12-23,23
dublin,2026-12-20,2026-12-24,23
brussels,2026-04-24,2026-04-29,10
brussels,2026-04-24,2026-04-27,8
brussels,2026-05-06,2026-05-08,5
brussels,2026-05-06,2026-05-10,11
brussels,2026-05-18,2026-05-19,3
brussels,2026-05-18,2026-05-21,7
brussels,2026-05-30,2026-05-31,9
brussels,2026-05-30,2026-06-04,13
brussels,2026-06-11,2026-06-16,4
brussels,2026-06-11,2026-06-13,2
brussels,2026-06-23,2026-06-27,3
brussels,2026-06-23,2026-06-24,2
brussels,2026-07-05,2026-07-10,14
brussels,2026-07-05,2026-07-06,11
brussels,2026-07-17,2026-07-22,2
brussels,2026-07-17,2026-07-21,0
brussels,2026-07-29,2026-08-03,0
brussels,2026-07-29,2026-07-30,0
brussels,2026-08-10,2026-08-15,0
brussels,2026-08-10,2026-08-13,0
brussels,2026-08-22,2026-08-25,1
brussels,2026-08-22,2026-08-26,1
brussels,2026-09-03,2026-09-07,3
brussels,2026-09-03,2026-09-08,4
brussels,2026-09-15,2026-09-20,7
brussels,2026-09-15,2026-09-17,2
brussels,2026-09-27,2026-09-30,5
brussels,2026-09-27,2026-10-02,9
brussels,2026-10-09,2026-10-12,7
brussels,2026-10-09,2026-10-14,11
brussels,2026-10-21,2026-10-26,5
brussels,2026-10-21,2026-10-25,5
brussels,2026-11-02,2026-11-06,5
brussels,2026-11-02,2026-11-05,5
brussels,2026-11-14,2026-11-17,8
brussels,2026-11-14,2026-11-19,11
brussels,2026-11-26,2026-11-28,6
brussels,2026-11-26,2026-11-30,8
brussels,2026-12-08,2026-12-10,4
brussels,2026-12-08,2026-12-11,5
brussels,2026-12-20,2026-12-23,0
brussels,2026-12-20,2026-12-24,0
oslo,2026-04-24,2026-04-29,11
oslo,2026-04-24,2026-04-27,9
oslo,2026-05-06,2026-05-08,2
oslo,2026-05-06,2026-05-10,7
oslo,2026-05-18,2026-05-19,0
oslo,2026-05-18,2026-05-21,3
oslo,2026-05-30,2026-05-31,3
oslo,2026-05-30,2026-06-04,7
oslo,2026-06-11,2026-06-16,32
oslo,2026-06-11,2026-06-13,15
oslo,2026-06-23,2026-06-27,31
oslo,2026-06-23,2026-06-24,16
oslo,2026-07-05,2026-07-10,1
oslo,2026-07-05,2026-07-06,1
oslo,2026-07-17,2026-07-22,1
oslo,2026-07-17,2026-07-21,1
oslo,2026-07-29,2026-08-03,1
oslo,2026-07-29,2026-07-30,0
oslo,2026-08-10,2026-08-15,1
oslo,2026-08-10,2026-08-13,0
oslo,2026-08-22,2026-08-25,3
oslo,2026-08-22,2026-08-26,3
oslo,2026-09-03,2026-09-07,9
oslo,2026-09-03,2026-09-08,9
oslo,2026-09-15,2026-09-20,5
oslo,2026-09-15,2026-09-17,1
oslo,2026-09-27,2026-09-30,2
oslo,2026-09-27,2026-10-02,4
oslo,2026-10-09,2026-10-12,4
oslo,2026-10-09,2026-10-14,7
oslo,2026-10-21,2026-10-26,7
oslo,2026-10-21,2026-10-25,6
oslo,2026-11-02,2026-11-06,1
oslo,2026-11-02,2026-11-05,1
oslo,2026-11-14,2026-11-17,2
oslo,2026-11-14,2026-11-19,2
oslo,2026-11-26,2026-11-28,3
oslo,2026-11-26,2026-11-30,3
oslo,2026-12-08,2026-12-10,0
oslo,2026-12-08,2026-12-11,1
oslo,2026-12-20,2026-12-23,1
oslo,2026-12-20,2026-12-24,1
helsinki,2026-04-24,2026-04-29,0
helsinki,2026-04-24,2026-04-27,0
helsinki,2026-05-06,2026-05-08,4
helsinki,2026-05-06,2026-05-10,6
helsinki,2026-05-18,2026-05-19,0
helsinki,2026-05-18,2026-05-21,0
helsinki,2026-05-30,2026-05-31,0
helsinki,2026-05-30,2026-06-04,0
helsinki,2026-06-11,2026-06-16,3
helsinki,2026-06-11,2026-06-13,1
helsinki,2026-06-23,2026-06-27,8
helsinki,2026-06-23,2026-06-24,5
helsinki,2026-07-05,2026-07-10,3
helsinki,2026-07-05,2026-07-06,0
helsinki,2026-07-17,2026-07-22,12
helsinki,2026-07-17,2026-07-21,8
helsinki,2026-07-29,2026-08-03,5
helsinki,2026-07-29,2026-07-30,2
helsinki,2026-08-10,2026-08-15,0
helsinki,2026-08-10,2026-08-13,0
helsinki,2026-08-22,2026-08-25,0
helsinki,2026-08-22,2026-08-26,0
helsinki,2026-09-03,2026-09-07,0
helsinki,2026-09-03,2026-09-08,0
helsinki,2026-09-15,2026-09-20,1
helsinki,2026-09-15,2026-09-17,1
helsinki,2026-09-27,2026-09-30,0
helsinki,2026-09-27,2026-10-02,0
helsinki,2026-10-09,2026-10-12,0
helsinki,2026-10-09,2026-10-14,1
helsinki,2026-10-21,2026-10-26,1
helsinki,2026-10-21,2026-10-25,1
helsinki,2026-11-02,2026-11-06,0
helsinki,2026-11-02,2026-11-05,0
helsinki,2026-11-14,2026-11-17,2
helsinki,2026-11-14,2026-11-19,2
helsinki,2026-11-26,2026-11-28,2
helsinki,2026-11-26,2026-11-30,2
helsinki,2026-12-08,2026-12-10,2
helsinki,2026-12-08,2026-12-11,2
helsinki,2026-12-20,2026-12-23,0
helsinki,2026-12-20,2026-12-24,0
zurich,2026-04-24,2026-04-29,6
zurich,2026-04-24,2026-04-27,5
zurich,2026-05-06,2026-05-08,3
zurich,2026-05-06,2026-05-10,6
zurich,2026-05-18,2026-05-19,1
zurich,2026-05-18,2026-05-21,5
zurich,2026-05-30,2026-05-31,4
zurich,2026-05-30,2026-06-04,7
zurich,2026-06-11,2026-06-16,8
zurich,2026-06-11,2026-06-13,4
zurich,2026-06-23,2026-06-27,4
zurich,2026-06-23,2026-06-24,3
zurich,2026-07-05,2026-07-10,0
zurich,2026-07-05,2026-07-06,0
zurich,2026-07-17,2026-07-22,0
zurich,2026-07-17,2026-07-21,0
zurich,2026-07-29,2026-08-03,1
zurich,2026-07-29,2026-07-30,0
zurich,2026-08-10,2026-08-15,1
zurich,2026-08-10,2026-08-13,0
zurich,2026-08-22,2026-08-25,1
zurich,2026-08-22,2026-08-26,2
zurich,2026-09-03,2026-09-07,3
zurich,2026-09-03,2026-09-08,3
zurich,2026-09-15,2026-09-20,5
zurich,2026-09-15,2026-09-17,0
zurich,2026-09-27,2026-09-30,2
zurich,2026-09-27,2026-10-02,2
zurich,2026-10-09,2026-10-12,3
zurich,2026-10-09,2026-10-14,6
zurich,2026-10-21,2026-10-26,6
zurich,2026-10-21,2026-10-25,6
zurich,2026-11-02,2026-11-06,2
zurich,2026-11-02,2026-11-05,2
zurich,2026-11-14,2026-11-17,2
zurich,2026-11-14,2026-11-19,4
zurich,2026-11-26,2026-11-28,0
zurich,2026-11-26,2026-11-30,4
zurich,2026-12-08,2026-12-10,1
zurich,2026-12-08,2026-12-11,1
zurich,2026-12-20,2026-12-23,0
zurich,2026-12-20,2026-12-24,0
